features,n_samples,SHD,error rate,accuracy,precision,recall,f1score,Estimate VAR coef,precomputation,search causal order,estimate adja matrix,total excution time
64,10000,5,0.001220703,0.998779297,1,0.915254237,0.955752212,0.100944042,1.556561947,0.801419735,1.299104452,193.7695987
128,10000,13,0.000793457,0.999206543,0.967479675,0.9296875,0.948207171,0.35046196,6.65427494,4.748967171,6.740958929,793.4465418
256,10000,36,0.000549316,0.999450684,0.978540773,0.88030888,0.926829268,1.220239162,26.81527233,28.98204732,37.26160932,4745.177378
